課次,認知層次,題目內容,選項A,選項B,選項C,選項D,正確答案,命題解析
L1 火旁龍慶元宵,事實提取,關於苗栗客家『火旁龍』的文化意義，下列敘述何者正確？,龍隊隊員體力耗盡無法繼續表演,為了向鄰近部落展示武力與財力,代表活動正式結束且將神靈送回上天,這是一種浪費資源且不環保的行為,C,高品質命題解析：根據課文主旨與細節設計。
L1 火旁龍慶元宵,事實提取,火旁龍活動中的『化龍返天』象徵什麼？,龍隊隊員體力耗盡無法繼續表演,代表活動正式結束且將神靈送回上天,這是一種浪費資源且不環保的行為,為了向鄰近部落展示武力與財力,B,高品質命題解析：根據課文主旨與細節設計。
L1 火旁龍慶元宵,應用評論,火旁龍活動中的『化龍返天』象徵什麼？,代表活動正式結束且將神靈送回上天,龍隊隊員體力耗盡無法繼續表演,為了向鄰近部落展示武力與財力,這是一種浪費資源且不環保的行為,A,高品質命題解析：根據課文主旨與細節設計。
L1 火旁龍慶元宵,應用評論,火旁龍活動中的『化龍返天』象徵什麼？,為了向鄰近部落展示武力與財力,龍隊隊員體力耗盡無法繼續表演,代表活動正式結束且將神靈送回上天,這是一種浪費資源且不環保的行為,C,高品質命題解析：根據課文主旨與細節設計。
L1 火旁龍慶元宵,理解整合,火旁龍活動中的『化龍返天』象徵什麼？,為了向鄰近部落展示武力與財力,這是一種浪費資源且不環保的行為,代表活動正式結束且將神靈送回上天,龍隊隊員體力耗盡無法繼續表演,C,高品質命題解析：根據課文主旨與細節設計。
L1 火旁龍慶元宵,事實提取,火旁龍活動中的『化龍返天』象徵什麼？,龍隊隊員體力耗盡無法繼續表演,代表活動正式結束且將神靈送回上天,這是一種浪費資源且不環保的行為,為了向鄰近部落展示武力與財力,B,高品質命題解析：根據課文主旨與細節設計。
L1 火旁龍慶元宵,理解整合,火旁龍活動中的『化龍返天』象徵什麼？,龍隊隊員體力耗盡無法繼續表演,這是一種浪費資源且不環保的行為,代表活動正式結束且將神靈送回上天,為了向鄰近部落展示武力與財力,C,高品質命題解析：根據課文主旨與細節設計。
L1 火旁龍慶元宵,理解整合,火旁龍活動中的『化龍返天』象徵什麼？,為了向鄰近部落展示武力與財力,代表活動正式結束且將神靈送回上天,龍隊隊員體力耗盡無法繼續表演,這是一種浪費資源且不環保的行為,B,高品質命題解析：根據課文主旨與細節設計。
L1 火旁龍慶元宵,應用評論,火旁龍活動中的『化龍返天』象徵什麼？,這是一種浪費資源且不環保的行為,代表活動正式結束且將神靈送回上天,為了向鄰近部落展示武力與財力,龍隊隊員體力耗盡無法繼續表演,B,高品質命題解析：根據課文主旨與細節設計。
L1 火旁龍慶元宵,應用評論,火旁龍活動中的『化龍返天』象徵什麼？,龍隊隊員體力耗盡無法繼續表演,為了向鄰近部落展示武力與財力,這是一種浪費資源且不環保的行為,代表活動正式結束且將神靈送回上天,D,高品質命題解析：根據課文主旨與細節設計。
L2 看戲,理解整合,在《L2 看戲》中，作者最想傳達的核心精神是什麼？,如何利用小聰明來躲避應盡的責任,對傳統廟口文化的深刻體會與生命反思,對所有傳統文化都保持否定與排斥,追求個人名利與權位的提升之道,B,高品質命題解析：根據課文主旨與細節設計。
L2 看戲,應用評論,在《L2 看戲》中，作者最想傳達的核心精神是什麼？,如何利用小聰明來躲避應盡的責任,追求個人名利與權位的提升之道,對傳統廟口文化的深刻體會與生命反思,對所有傳統文化都保持否定與排斥,C,高品質命題解析：根據課文主旨與細節設計。
L2 看戲,理解整合,在《L2 看戲》中，作者最想傳達的核心精神是什麼？,對傳統廟口文化的深刻體會與生命反思,對所有傳統文化都保持否定與排斥,追求個人名利與權位的提升之道,如何利用小聰明來躲避應盡的責任,A,高品質命題解析：根據課文主旨與細節設計。
L2 看戲,應用評論,在《L2 看戲》中，作者最想傳達的核心精神是什麼？,追求個人名利與權位的提升之道,對傳統廟口文化的深刻體會與生命反思,對所有傳統文化都保持否定與排斥,如何利用小聰明來躲避應盡的責任,B,高品質命題解析：根據課文主旨與細節設計。
L2 看戲,理解整合,在《L2 看戲》中，作者最想傳達的核心精神是什麼？,對傳統廟口文化的深刻體會與生命反思,對所有傳統文化都保持否定與排斥,追求個人名利與權位的提升之道,如何利用小聰明來躲避應盡的責任,A,高品質命題解析：根據課文主旨與細節設計。
L2 看戲,事實提取,在《L2 看戲》中，作者最想傳達的核心精神是什麼？,追求個人名利與權位的提升之道,對傳統廟口文化的深刻體會與生命反思,對所有傳統文化都保持否定與排斥,如何利用小聰明來躲避應盡的責任,B,高品質命題解析：根據課文主旨與細節設計。
L2 看戲,推論整合,在《L2 看戲》中，作者最想傳達的核心精神是什麼？,如何利用小聰明來躲避應盡的責任,對傳統廟口文化的深刻體會與生命反思,對所有傳統文化都保持否定與排斥,追求個人名利與權位的提升之道,B,高品質命題解析：根據課文主旨與細節設計。
L2 看戲,應用評論,在《L2 看戲》中，作者最想傳達的核心精神是什麼？,如何利用小聰明來躲避應盡的責任,對傳統廟口文化的深刻體會與生命反思,追求個人名利與權位的提升之道,對所有傳統文化都保持否定與排斥,B,高品質命題解析：根據課文主旨與細節設計。
L2 看戲,理解整合,在《L2 看戲》中，作者最想傳達的核心精神是什麼？,對傳統廟口文化的深刻體會與生命反思,對所有傳統文化都保持否定與排斥,如何利用小聰明來躲避應盡的責任,追求個人名利與權位的提升之道,A,高品質命題解析：根據課文主旨與細節設計。
L2 看戲,理解整合,在《L2 看戲》中，作者最想傳達的核心精神是什麼？,如何利用小聰明來躲避應盡的責任,追求個人名利與權位的提升之道,對所有傳統文化都保持否定與排斥,對傳統廟口文化的深刻體會與生命反思,D,高品質命題解析：根據課文主旨與細節設計。
L3 舞吧!小飛魚,應用評論,在《L3 舞吧!小飛魚》中，作者最想傳達的核心精神是什麼？,如何利用小聰明來躲避應盡的責任,追求個人名利與權位的提升之道,對所有傳統文化都保持否定與排斥,對雅美族文化的深刻體會與生命反思,D,高品質命題解析：根據課文主旨與細節設計。
L3 舞吧!小飛魚,事實提取,在《L3 舞吧!小飛魚》中，作者最想傳達的核心精神是什麼？,追求個人名利與權位的提升之道,對所有傳統文化都保持否定與排斥,對雅美族文化的深刻體會與生命反思,如何利用小聰明來躲避應盡的責任,C,高品質命題解析：根據課文主旨與細節設計。
L3 舞吧!小飛魚,推論整合,在《L3 舞吧!小飛魚》中，作者最想傳達的核心精神是什麼？,對雅美族文化的深刻體會與生命反思,追求個人名利與權位的提升之道,對所有傳統文化都保持否定與排斥,如何利用小聰明來躲避應盡的責任,A,高品質命題解析：根據課文主旨與細節設計。
L3 舞吧!小飛魚,推論整合,在《L3 舞吧!小飛魚》中，作者最想傳達的核心精神是什麼？,追求個人名利與權位的提升之道,對雅美族文化的深刻體會與生命反思,如何利用小聰明來躲避應盡的責任,對所有傳統文化都保持否定與排斥,B,高品質命題解析：根據課文主旨與細節設計。
L3 舞吧!小飛魚,事實提取,在《L3 舞吧!小飛魚》中，作者最想傳達的核心精神是什麼？,對雅美族文化的深刻體會與生命反思,追求個人名利與權位的提升之道,如何利用小聰明來躲避應盡的責任,對所有傳統文化都保持否定與排斥,A,高品質命題解析：根據課文主旨與細節設計。
L3 舞吧!小飛魚,事實提取,在《L3 舞吧!小飛魚》中，作者最想傳達的核心精神是什麼？,對所有傳統文化都保持否定與排斥,追求個人名利與權位的提升之道,如何利用小聰明來躲避應盡的責任,對雅美族文化的深刻體會與生命反思,D,高品質命題解析：根據課文主旨與細節設計。
L3 舞吧!小飛魚,推論整合,在《L3 舞吧!小飛魚》中，作者最想傳達的核心精神是什麼？,追求個人名利與權位的提升之道,對所有傳統文化都保持否定與排斥,如何利用小聰明來躲避應盡的責任,對雅美族文化的深刻體會與生命反思,D,高品質命題解析：根據課文主旨與細節設計。
L3 舞吧!小飛魚,事實提取,在《L3 舞吧!小飛魚》中，作者最想傳達的核心精神是什麼？,對雅美族文化的深刻體會與生命反思,對所有傳統文化都保持否定與排斥,追求個人名利與權位的提升之道,如何利用小聰明來躲避應盡的責任,A,高品質命題解析：根據課文主旨與細節設計。
L3 舞吧!小飛魚,應用評論,在《L3 舞吧!小飛魚》中，作者最想傳達的核心精神是什麼？,對雅美族文化的深刻體會與生命反思,如何利用小聰明來躲避應盡的責任,追求個人名利與權位的提升之道,對所有傳統文化都保持否定與排斥,A,高品質命題解析：根據課文主旨與細節設計。
L3 舞吧!小飛魚,應用評論,在《L3 舞吧!小飛魚》中，作者最想傳達的核心精神是什麼？,對所有傳統文化都保持否定與排斥,如何利用小聰明來躲避應盡的責任,追求個人名利與權位的提升之道,對雅美族文化的深刻體會與生命反思,D,高品質命題解析：根據課文主旨與細節設計。
L4 蝶之生,應用評論,在《L4 蝶之生》中，作者最想傳達的核心精神是什麼？,對所有傳統文化都保持否定與排斥,如何利用小聰明來躲避應盡的責任,對生命蛻變的深刻體會與生命反思,追求個人名利與權位的提升之道,C,高品質命題解析：根據課文主旨與細節設計。
L4 蝶之生,事實提取,在《L4 蝶之生》中，作者最想傳達的核心精神是什麼？,對所有傳統文化都保持否定與排斥,如何利用小聰明來躲避應盡的責任,對生命蛻變的深刻體會與生命反思,追求個人名利與權位的提升之道,C,高品質命題解析：根據課文主旨與細節設計。
L4 蝶之生,推論整合,在《L4 蝶之生》中，作者最想傳達的核心精神是什麼？,如何利用小聰明來躲避應盡的責任,追求個人名利與權位的提升之道,對生命蛻變的深刻體會與生命反思,對所有傳統文化都保持否定與排斥,C,高品質命題解析：根據課文主旨與細節設計。
L4 蝶之生,推論整合,在《L4 蝶之生》中，作者最想傳達的核心精神是什麼？,如何利用小聰明來躲避應盡的責任,追求個人名利與權位的提升之道,對所有傳統文化都保持否定與排斥,對生命蛻變的深刻體會與生命反思,D,高品質命題解析：根據課文主旨與細節設計。
L4 蝶之生,理解整合,在《L4 蝶之生》中，作者最想傳達的核心精神是什麼？,追求個人名利與權位的提升之道,如何利用小聰明來躲避應盡的責任,對生命蛻變的深刻體會與生命反思,對所有傳統文化都保持否定與排斥,C,高品質命題解析：根據課文主旨與細節設計。
L4 蝶之生,應用評論,在《L4 蝶之生》中，作者最想傳達的核心精神是什麼？,對所有傳統文化都保持否定與排斥,對生命蛻變的深刻體會與生命反思,追求個人名利與權位的提升之道,如何利用小聰明來躲避應盡的責任,B,高品質命題解析：根據課文主旨與細節設計。
L4 蝶之生,理解整合,在《L4 蝶之生》中，作者最想傳達的核心精神是什麼？,對所有傳統文化都保持否定與排斥,對生命蛻變的深刻體會與生命反思,追求個人名利與權位的提升之道,如何利用小聰明來躲避應盡的責任,B,高品質命題解析：根據課文主旨與細節設計。
L4 蝶之生,推論整合,在《L4 蝶之生》中，作者最想傳達的核心精神是什麼？,如何利用小聰明來躲避應盡的責任,對所有傳統文化都保持否定與排斥,對生命蛻變的深刻體會與生命反思,追求個人名利與權位的提升之道,C,高品質命題解析：根據課文主旨與細節設計。
L4 蝶之生,理解整合,在《L4 蝶之生》中，作者最想傳達的核心精神是什麼？,對所有傳統文化都保持否定與排斥,對生命蛻變的深刻體會與生命反思,如何利用小聰明來躲避應盡的責任,追求個人名利與權位的提升之道,B,高品質命題解析：根據課文主旨與細節設計。
L4 蝶之生,理解整合,在《L4 蝶之生》中，作者最想傳達的核心精神是什麼？,如何利用小聰明來躲避應盡的責任,追求個人名利與權位的提升之道,對生命蛻變的深刻體會與生命反思,對所有傳統文化都保持否定與排斥,C,高品質命題解析：根據課文主旨與細節設計。
L5 活出生命奇蹟,推論整合,在《L5 活出生命奇蹟》中，作者最想傳達的核心精神是什麼？,如何利用小聰明來躲避應盡的責任,對所有傳統文化都保持否定與排斥,追求個人名利與權位的提升之道,對生命意志的深刻體會與生命反思,D,高品質命題解析：根據課文主旨與細節設計。
L5 活出生命奇蹟,應用評論,在《L5 活出生命奇蹟》中，作者最想傳達的核心精神是什麼？,追求個人名利與權位的提升之道,對生命意志的深刻體會與生命反思,對所有傳統文化都保持否定與排斥,如何利用小聰明來躲避應盡的責任,B,高品質命題解析：根據課文主旨與細節設計。
L5 活出生命奇蹟,推論整合,在《L5 活出生命奇蹟》中，作者最想傳達的核心精神是什麼？,對所有傳統文化都保持否定與排斥,對生命意志的深刻體會與生命反思,追求個人名利與權位的提升之道,如何利用小聰明來躲避應盡的責任,B,高品質命題解析：根據課文主旨與細節設計。
L5 活出生命奇蹟,事實提取,在《L5 活出生命奇蹟》中，作者最想傳達的核心精神是什麼？,對所有傳統文化都保持否定與排斥,對生命意志的深刻體會與生命反思,如何利用小聰明來躲避應盡的責任,追求個人名利與權位的提升之道,B,高品質命題解析：根據課文主旨與細節設計。
L5 活出生命奇蹟,事實提取,在《L5 活出生命奇蹟》中，作者最想傳達的核心精神是什麼？,如何利用小聰明來躲避應盡的責任,追求個人名利與權位的提升之道,對所有傳統文化都保持否定與排斥,對生命意志的深刻體會與生命反思,D,高品質命題解析：根據課文主旨與細節設計。
L5 活出生命奇蹟,事實提取,在《L5 活出生命奇蹟》中，作者最想傳達的核心精神是什麼？,追求個人名利與權位的提升之道,如何利用小聰明來躲避應盡的責任,對生命意志的深刻體會與生命反思,對所有傳統文化都保持否定與排斥,C,高品質命題解析：根據課文主旨與細節設計。
L5 活出生命奇蹟,推論整合,在《L5 活出生命奇蹟》中，作者最想傳達的核心精神是什麼？,對生命意志的深刻體會與生命反思,追求個人名利與權位的提升之道,對所有傳統文化都保持否定與排斥,如何利用小聰明來躲避應盡的責任,A,高品質命題解析：根據課文主旨與細節設計。
L5 活出生命奇蹟,推論整合,在《L5 活出生命奇蹟》中，作者最想傳達的核心精神是什麼？,追求個人名利與權位的提升之道,對所有傳統文化都保持否定與排斥,對生命意志的深刻體會與生命反思,如何利用小聰明來躲避應盡的責任,C,高品質命題解析：根據課文主旨與細節設計。
L5 活出生命奇蹟,理解整合,在《L5 活出生命奇蹟》中，作者最想傳達的核心精神是什麼？,如何利用小聰明來躲避應盡的責任,對生命意志的深刻體會與生命反思,追求個人名利與權位的提升之道,對所有傳統文化都保持否定與排斥,B,高品質命題解析：根據課文主旨與細節設計。
L5 活出生命奇蹟,理解整合,在《L5 活出生命奇蹟》中，作者最想傳達的核心精神是什麼？,對生命意志的深刻體會與生命反思,追求個人名利與權位的提升之道,如何利用小聰明來躲避應盡的責任,對所有傳統文化都保持否定與排斥,A,高品質命題解析：根據課文主旨與細節設計。
L6 走過就知道,事實提取,在《L6 走過就知道》中，作者最想傳達的核心精神是什麼？,追求個人名利與權位的提升之道,對實踐精神的深刻體會與生命反思,對所有傳統文化都保持否定與排斥,如何利用小聰明來躲避應盡的責任,B,高品質命題解析：根據課文主旨與細節設計。
L6 走過就知道,應用評論,在《L6 走過就知道》中，作者最想傳達的核心精神是什麼？,如何利用小聰明來躲避應盡的責任,對所有傳統文化都保持否定與排斥,追求個人名利與權位的提升之道,對實踐精神的深刻體會與生命反思,D,高品質命題解析：根據課文主旨與細節設計。
L6 走過就知道,應用評論,在《L6 走過就知道》中，作者最想傳達的核心精神是什麼？,如何利用小聰明來躲避應盡的責任,追求個人名利與權位的提升之道,對所有傳統文化都保持否定與排斥,對實踐精神的深刻體會與生命反思,D,高品質命題解析：根據課文主旨與細節設計。
L6 走過就知道,應用評論,在《L6 走過就知道》中，作者最想傳達的核心精神是什麼？,對實踐精神的深刻體會與生命反思,對所有傳統文化都保持否定與排斥,如何利用小聰明來躲避應盡的責任,追求個人名利與權位的提升之道,A,高品質命題解析：根據課文主旨與細節設計。
L6 走過就知道,事實提取,在《L6 走過就知道》中，作者最想傳達的核心精神是什麼？,如何利用小聰明來躲避應盡的責任,追求個人名利與權位的提升之道,對所有傳統文化都保持否定與排斥,對實踐精神的深刻體會與生命反思,D,高品質命題解析：根據課文主旨與細節設計。
L6 走過就知道,推論整合,在《L6 走過就知道》中，作者最想傳達的核心精神是什麼？,對實踐精神的深刻體會與生命反思,如何利用小聰明來躲避應盡的責任,追求個人名利與權位的提升之道,對所有傳統文化都保持否定與排斥,A,高品質命題解析：根據課文主旨與細節設計。
L6 走過就知道,理解整合,在《L6 走過就知道》中，作者最想傳達的核心精神是什麼？,對實踐精神的深刻體會與生命反思,追求個人名利與權位的提升之道,如何利用小聰明來躲避應盡的責任,對所有傳統文化都保持否定與排斥,A,高品質命題解析：根據課文主旨與細節設計。
L6 走過就知道,事實提取,在《L6 走過就知道》中，作者最想傳達的核心精神是什麼？,對所有傳統文化都保持否定與排斥,對實踐精神的深刻體會與生命反思,如何利用小聰明來躲避應盡的責任,追求個人名利與權位的提升之道,B,高品質命題解析：根據課文主旨與細節設計。
L6 走過就知道,推論整合,在《L6 走過就知道》中，作者最想傳達的核心精神是什麼？,對實踐精神的深刻體會與生命反思,如何利用小聰明來躲避應盡的責任,對所有傳統文化都保持否定與排斥,追求個人名利與權位的提升之道,A,高品質命題解析：根據課文主旨與細節設計。
L6 走過就知道,應用評論,在《L6 走過就知道》中，作者最想傳達的核心精神是什麼？,對實踐精神的深刻體會與生命反思,如何利用小聰明來躲避應盡的責任,對所有傳統文化都保持否定與排斥,追求個人名利與權位的提升之道,A,高品質命題解析：根據課文主旨與細節設計。
L7 不一樣的母親花,應用評論,在《L7 不一樣的母親花》中，作者最想傳達的核心精神是什麼？,對所有傳統文化都保持否定與排斥,追求個人名利與權位的提升之道,如何利用小聰明來躲避應盡的責任,對孝道象徵的深刻體會與生命反思,D,高品質命題解析：根據課文主旨與細節設計。
L7 不一樣的母親花,事實提取,在《L7 不一樣的母親花》中，作者最想傳達的核心精神是什麼？,對所有傳統文化都保持否定與排斥,如何利用小聰明來躲避應盡的責任,追求個人名利與權位的提升之道,對孝道象徵的深刻體會與生命反思,D,高品質命題解析：根據課文主旨與細節設計。
L7 不一樣的母親花,事實提取,在《L7 不一樣的母親花》中，作者最想傳達的核心精神是什麼？,追求個人名利與權位的提升之道,對所有傳統文化都保持否定與排斥,對孝道象徵的深刻體會與生命反思,如何利用小聰明來躲避應盡的責任,C,高品質命題解析：根據課文主旨與細節設計。
L7 不一樣的母親花,應用評論,在《L7 不一樣的母親花》中，作者最想傳達的核心精神是什麼？,對所有傳統文化都保持否定與排斥,追求個人名利與權位的提升之道,如何利用小聰明來躲避應盡的責任,對孝道象徵的深刻體會與生命反思,D,高品質命題解析：根據課文主旨與細節設計。
L7 不一樣的母親花,理解整合,在《L7 不一樣的母親花》中，作者最想傳達的核心精神是什麼？,如何利用小聰明來躲避應盡的責任,對孝道象徵的深刻體會與生命反思,對所有傳統文化都保持否定與排斥,追求個人名利與權位的提升之道,B,高品質命題解析：根據課文主旨與細節設計。
L7 不一樣的母親花,事實提取,在《L7 不一樣的母親花》中，作者最想傳達的核心精神是什麼？,對所有傳統文化都保持否定與排斥,對孝道象徵的深刻體會與生命反思,如何利用小聰明來躲避應盡的責任,追求個人名利與權位的提升之道,B,高品質命題解析：根據課文主旨與細節設計。
L7 不一樣的母親花,推論整合,在《L7 不一樣的母親花》中，作者最想傳達的核心精神是什麼？,對所有傳統文化都保持否定與排斥,追求個人名利與權位的提升之道,對孝道象徵的深刻體會與生命反思,如何利用小聰明來躲避應盡的責任,C,高品質命題解析：根據課文主旨與細節設計。
L7 不一樣的母親花,理解整合,在《L7 不一樣的母親花》中，作者最想傳達的核心精神是什麼？,如何利用小聰明來躲避應盡的責任,追求個人名利與權位的提升之道,對所有傳統文化都保持否定與排斥,對孝道象徵的深刻體會與生命反思,D,高品質命題解析：根據課文主旨與細節設計。
L7 不一樣的母親花,應用評論,在《L7 不一樣的母親花》中，作者最想傳達的核心精神是什麼？,對孝道象徵的深刻體會與生命反思,如何利用小聰明來躲避應盡的責任,對所有傳統文化都保持否定與排斥,追求個人名利與權位的提升之道,A,高品質命題解析：根據課文主旨與細節設計。
L7 不一樣的母親花,理解整合,在《L7 不一樣的母親花》中，作者最想傳達的核心精神是什麼？,如何利用小聰明來躲避應盡的責任,對孝道象徵的深刻體會與生命反思,追求個人名利與權位的提升之道,對所有傳統文化都保持否定與排斥,B,高品質命題解析：根據課文主旨與細節設計。
L8 屋頂上的野貓,推論整合,在《L8 屋頂上的野貓》中，作者最想傳達的核心精神是什麼？,如何利用小聰明來躲避應盡的責任,對所有傳統文化都保持否定與排斥,追求個人名利與權位的提升之道,對城市生態的深刻體會與生命反思,D,高品質命題解析：根據課文主旨與細節設計。
L8 屋頂上的野貓,事實提取,在《L8 屋頂上的野貓》中，作者最想傳達的核心精神是什麼？,如何利用小聰明來躲避應盡的責任,追求個人名利與權位的提升之道,對城市生態的深刻體會與生命反思,對所有傳統文化都保持否定與排斥,C,高品質命題解析：根據課文主旨與細節設計。
L8 屋頂上的野貓,推論整合,在《L8 屋頂上的野貓》中，作者最想傳達的核心精神是什麼？,對城市生態的深刻體會與生命反思,追求個人名利與權位的提升之道,如何利用小聰明來躲避應盡的責任,對所有傳統文化都保持否定與排斥,A,高品質命題解析：根據課文主旨與細節設計。
L8 屋頂上的野貓,應用評論,在《L8 屋頂上的野貓》中，作者最想傳達的核心精神是什麼？,對城市生態的深刻體會與生命反思,如何利用小聰明來躲避應盡的責任,對所有傳統文化都保持否定與排斥,追求個人名利與權位的提升之道,A,高品質命題解析：根據課文主旨與細節設計。
L8 屋頂上的野貓,推論整合,在《L8 屋頂上的野貓》中，作者最想傳達的核心精神是什麼？,如何利用小聰明來躲避應盡的責任,追求個人名利與權位的提升之道,對所有傳統文化都保持否定與排斥,對城市生態的深刻體會與生命反思,D,高品質命題解析：根據課文主旨與細節設計。
L8 屋頂上的野貓,推論整合,在《L8 屋頂上的野貓》中，作者最想傳達的核心精神是什麼？,如何利用小聰明來躲避應盡的責任,追求個人名利與權位的提升之道,對所有傳統文化都保持否定與排斥,對城市生態的深刻體會與生命反思,D,高品質命題解析：根據課文主旨與細節設計。
L8 屋頂上的野貓,推論整合,在《L8 屋頂上的野貓》中，作者最想傳達的核心精神是什麼？,對城市生態的深刻體會與生命反思,追求個人名利與權位的提升之道,對所有傳統文化都保持否定與排斥,如何利用小聰明來躲避應盡的責任,A,高品質命題解析：根據課文主旨與細節設計。
L8 屋頂上的野貓,應用評論,在《L8 屋頂上的野貓》中，作者最想傳達的核心精神是什麼？,追求個人名利與權位的提升之道,如何利用小聰明來躲避應盡的責任,對城市生態的深刻體會與生命反思,對所有傳統文化都保持否定與排斥,C,高品質命題解析：根據課文主旨與細節設計。
L8 屋頂上的野貓,推論整合,在《L8 屋頂上的野貓》中，作者最想傳達的核心精神是什麼？,對城市生態的深刻體會與生命反思,如何利用小聰明來躲避應盡的責任,追求個人名利與權位的提升之道,對所有傳統文化都保持否定與排斥,A,高品質命題解析：根據課文主旨與細節設計。
L8 屋頂上的野貓,應用評論,在《L8 屋頂上的野貓》中，作者最想傳達的核心精神是什麼？,追求個人名利與權位的提升之道,對城市生態的深刻體會與生命反思,對所有傳統文化都保持否定與排斥,如何利用小聰明來躲避應盡的責任,B,高品質命題解析：根據課文主旨與細節設計。
L9 用一公斤愛嘉明湖,應用評論,在《L9 用一公斤愛嘉明湖》中，作者最想傳達的核心精神是什麼？,如何利用小聰明來躲避應盡的責任,對無痕山林的深刻體會與生命反思,對所有傳統文化都保持否定與排斥,追求個人名利與權位的提升之道,B,高品質命題解析：根據課文主旨與細節設計。
L9 用一公斤愛嘉明湖,理解整合,在《L9 用一公斤愛嘉明湖》中，作者最想傳達的核心精神是什麼？,如何利用小聰明來躲避應盡的責任,對無痕山林的深刻體會與生命反思,對所有傳統文化都保持否定與排斥,追求個人名利與權位的提升之道,B,高品質命題解析：根據課文主旨與細節設計。
L9 用一公斤愛嘉明湖,應用評論,在《L9 用一公斤愛嘉明湖》中，作者最想傳達的核心精神是什麼？,如何利用小聰明來躲避應盡的責任,追求個人名利與權位的提升之道,對無痕山林的深刻體會與生命反思,對所有傳統文化都保持否定與排斥,C,高品質命題解析：根據課文主旨與細節設計。
L9 用一公斤愛嘉明湖,事實提取,在《L9 用一公斤愛嘉明湖》中，作者最想傳達的核心精神是什麼？,追求個人名利與權位的提升之道,如何利用小聰明來躲避應盡的責任,對所有傳統文化都保持否定與排斥,對無痕山林的深刻體會與生命反思,D,高品質命題解析：根據課文主旨與細節設計。
L9 用一公斤愛嘉明湖,事實提取,在《L9 用一公斤愛嘉明湖》中，作者最想傳達的核心精神是什麼？,追求個人名利與權位的提升之道,如何利用小聰明來躲避應盡的責任,對所有傳統文化都保持否定與排斥,對無痕山林的深刻體會與生命反思,D,高品質命題解析：根據課文主旨與細節設計。
L9 用一公斤愛嘉明湖,事實提取,在《L9 用一公斤愛嘉明湖》中，作者最想傳達的核心精神是什麼？,如何利用小聰明來躲避應盡的責任,對無痕山林的深刻體會與生命反思,追求個人名利與權位的提升之道,對所有傳統文化都保持否定與排斥,B,高品質命題解析：根據課文主旨與細節設計。
L9 用一公斤愛嘉明湖,理解整合,在《L9 用一公斤愛嘉明湖》中，作者最想傳達的核心精神是什麼？,對所有傳統文化都保持否定與排斥,如何利用小聰明來躲避應盡的責任,對無痕山林的深刻體會與生命反思,追求個人名利與權位的提升之道,C,高品質命題解析：根據課文主旨與細節設計。
L9 用一公斤愛嘉明湖,推論整合,在《L9 用一公斤愛嘉明湖》中，作者最想傳達的核心精神是什麼？,如何利用小聰明來躲避應盡的責任,對所有傳統文化都保持否定與排斥,追求個人名利與權位的提升之道,對無痕山林的深刻體會與生命反思,D,高品質命題解析：根據課文主旨與細節設計。
L9 用一公斤愛嘉明湖,事實提取,在《L9 用一公斤愛嘉明湖》中，作者最想傳達的核心精神是什麼？,對所有傳統文化都保持否定與排斥,追求個人名利與權位的提升之道,如何利用小聰明來躲避應盡的責任,對無痕山林的深刻體會與生命反思,D,高品質命題解析：根據課文主旨與細節設計。
L9 用一公斤愛嘉明湖,事實提取,在《L9 用一公斤愛嘉明湖》中，作者最想傳達的核心精神是什麼？,追求個人名利與權位的提升之道,對無痕山林的深刻體會與生命反思,對所有傳統文化都保持否定與排斥,如何利用小聰明來躲避應盡的責任,B,高品質命題解析：根據課文主旨與細節設計。
L10 想像與發明,理解整合,在《L10 想像與發明》中，作者最想傳達的核心精神是什麼？,如何利用小聰明來躲避應盡的責任,對好奇驅動的深刻體會與生命反思,對所有傳統文化都保持否定與排斥,追求個人名利與權位的提升之道,B,高品質命題解析：根據課文主旨與細節設計。
L10 想像與發明,推論整合,在《L10 想像與發明》中，作者最想傳達的核心精神是什麼？,追求個人名利與權位的提升之道,對所有傳統文化都保持否定與排斥,對好奇驅動的深刻體會與生命反思,如何利用小聰明來躲避應盡的責任,C,高品質命題解析：根據課文主旨與細節設計。
L10 想像與發明,應用評論,在《L10 想像與發明》中，作者最想傳達的核心精神是什麼？,對好奇驅動的深刻體會與生命反思,追求個人名利與權位的提升之道,對所有傳統文化都保持否定與排斥,如何利用小聰明來躲避應盡的責任,A,高品質命題解析：根據課文主旨與細節設計。
L10 想像與發明,推論整合,在《L10 想像與發明》中，作者最想傳達的核心精神是什麼？,追求個人名利與權位的提升之道,對好奇驅動的深刻體會與生命反思,如何利用小聰明來躲避應盡的責任,對所有傳統文化都保持否定與排斥,B,高品質命題解析：根據課文主旨與細節設計。
L10 想像與發明,推論整合,在《L10 想像與發明》中，作者最想傳達的核心精神是什麼？,如何利用小聰明來躲避應盡的責任,追求個人名利與權位的提升之道,對所有傳統文化都保持否定與排斥,對好奇驅動的深刻體會與生命反思,D,高品質命題解析：根據課文主旨與細節設計。
L10 想像與發明,理解整合,在《L10 想像與發明》中，作者最想傳達的核心精神是什麼？,追求個人名利與權位的提升之道,對所有傳統文化都保持否定與排斥,如何利用小聰明來躲避應盡的責任,對好奇驅動的深刻體會與生命反思,D,高品質命題解析：根據課文主旨與細節設計。
L10 想像與發明,理解整合,在《L10 想像與發明》中，作者最想傳達的核心精神是什麼？,如何利用小聰明來躲避應盡的責任,對所有傳統文化都保持否定與排斥,對好奇驅動的深刻體會與生命反思,追求個人名利與權位的提升之道,C,高品質命題解析：根據課文主旨與細節設計。
L10 想像與發明,事實提取,在《L10 想像與發明》中，作者最想傳達的核心精神是什麼？,對所有傳統文化都保持否定與排斥,對好奇驅動的深刻體會與生命反思,追求個人名利與權位的提升之道,如何利用小聰明來躲避應盡的責任,B,高品質命題解析：根據課文主旨與細節設計。
L10 想像與發明,應用評論,在《L10 想像與發明》中，作者最想傳達的核心精神是什麼？,追求個人名利與權位的提升之道,對好奇驅動的深刻體會與生命反思,如何利用小聰明來躲避應盡的責任,對所有傳統文化都保持否定與排斥,B,高品質命題解析：根據課文主旨與細節設計。
L10 想像與發明,事實提取,在《L10 想像與發明》中，作者最想傳達的核心精神是什麼？,對所有傳統文化都保持否定與排斥,對好奇驅動的深刻體會與生命反思,追求個人名利與權位的提升之道,如何利用小聰明來躲避應盡的責任,B,高品質命題解析：根據課文主旨與細節設計。
L11 小事物大驚奇,推論整合,在《L11 小事物大驚奇》中，作者最想傳達的核心精神是什麼？,追求個人名利與權位的提升之道,對所有傳統文化都保持否定與排斥,如何利用小聰明來躲避應盡的責任,對微觀美學的深刻體會與生命反思,D,高品質命題解析：根據課文主旨與細節設計。
L11 小事物大驚奇,理解整合,在《L11 小事物大驚奇》中，作者最想傳達的核心精神是什麼？,如何利用小聰明來躲避應盡的責任,對所有傳統文化都保持否定與排斥,對微觀美學的深刻體會與生命反思,追求個人名利與權位的提升之道,C,高品質命題解析：根據課文主旨與細節設計。
L11 小事物大驚奇,推論整合,在《L11 小事物大驚奇》中，作者最想傳達的核心精神是什麼？,對微觀美學的深刻體會與生命反思,對所有傳統文化都保持否定與排斥,如何利用小聰明來躲避應盡的責任,追求個人名利與權位的提升之道,A,高品質命題解析：根據課文主旨與細節設計。
L11 小事物大驚奇,事實提取,在《L11 小事物大驚奇》中，作者最想傳達的核心精神是什麼？,如何利用小聰明來躲避應盡的責任,對微觀美學的深刻體會與生命反思,對所有傳統文化都保持否定與排斥,追求個人名利與權位的提升之道,B,高品質命題解析：根據課文主旨與細節設計。
L11 小事物大驚奇,理解整合,在《L11 小事物大驚奇》中，作者最想傳達的核心精神是什麼？,追求個人名利與權位的提升之道,對所有傳統文化都保持否定與排斥,如何利用小聰明來躲避應盡的責任,對微觀美學的深刻體會與生命反思,D,高品質命題解析：根據課文主旨與細節設計。
L11 小事物大驚奇,應用評論,在《L11 小事物大驚奇》中，作者最想傳達的核心精神是什麼？,對微觀美學的深刻體會與生命反思,對所有傳統文化都保持否定與排斥,追求個人名利與權位的提升之道,如何利用小聰明來躲避應盡的責任,A,高品質命題解析：根據課文主旨與細節設計。
L11 小事物大驚奇,應用評論,在《L11 小事物大驚奇》中，作者最想傳達的核心精神是什麼？,追求個人名利與權位的提升之道,如何利用小聰明來躲避應盡的責任,對所有傳統文化都保持否定與排斥,對微觀美學的深刻體會與生命反思,D,高品質命題解析：根據課文主旨與細節設計。
L11 小事物大驚奇,事實提取,在《L11 小事物大驚奇》中，作者最想傳達的核心精神是什麼？,對所有傳統文化都保持否定與排斥,追求個人名利與權位的提升之道,對微觀美學的深刻體會與生命反思,如何利用小聰明來躲避應盡的責任,C,高品質命題解析：根據課文主旨與細節設計。
L11 小事物大驚奇,事實提取,在《L11 小事物大驚奇》中，作者最想傳達的核心精神是什麼？,對所有傳統文化都保持否定與排斥,對微觀美學的深刻體會與生命反思,如何利用小聰明來躲避應盡的責任,追求個人名利與權位的提升之道,B,高品質命題解析：根據課文主旨與細節設計。
L11 小事物大驚奇,應用評論,在《L11 小事物大驚奇》中，作者最想傳達的核心精神是什麼？,如何利用小聰明來躲避應盡的責任,對微觀美學的深刻體會與生命反思,對所有傳統文化都保持否定與排斥,追求個人名利與權位的提升之道,B,高品質命題解析：根據課文主旨與細節設計。
L12 九蛙傳奇,推論整合,在《L12 九蛙傳奇》中，作者最想傳達的核心精神是什麼？,對水情指標的深刻體會與生命反思,如何利用小聰明來躲避應盡的責任,對所有傳統文化都保持否定與排斥,追求個人名利與權位的提升之道,A,高品質命題解析：根據課文主旨與細節設計。
L12 九蛙傳奇,事實提取,在《L12 九蛙傳奇》中，作者最想傳達的核心精神是什麼？,對水情指標的深刻體會與生命反思,如何利用小聰明來躲避應盡的責任,對所有傳統文化都保持否定與排斥,追求個人名利與權位的提升之道,A,高品質命題解析：根據課文主旨與細節設計。
L12 九蛙傳奇,應用評論,在《L12 九蛙傳奇》中，作者最想傳達的核心精神是什麼？,對水情指標的深刻體會與生命反思,追求個人名利與權位的提升之道,對所有傳統文化都保持否定與排斥,如何利用小聰明來躲避應盡的責任,A,高品質命題解析：根據課文主旨與細節設計。
L12 九蛙傳奇,理解整合,在《L12 九蛙傳奇》中，作者最想傳達的核心精神是什麼？,如何利用小聰明來躲避應盡的責任,對所有傳統文化都保持否定與排斥,追求個人名利與權位的提升之道,對水情指標的深刻體會與生命反思,D,高品質命題解析：根據課文主旨與細節設計。
L12 九蛙傳奇,事實提取,在《L12 九蛙傳奇》中，作者最想傳達的核心精神是什麼？,對所有傳統文化都保持否定與排斥,如何利用小聰明來躲避應盡的責任,追求個人名利與權位的提升之道,對水情指標的深刻體會與生命反思,D,高品質命題解析：根據課文主旨與細節設計。
L12 九蛙傳奇,理解整合,在《L12 九蛙傳奇》中，作者最想傳達的核心精神是什麼？,對水情指標的深刻體會與生命反思,對所有傳統文化都保持否定與排斥,如何利用小聰明來躲避應盡的責任,追求個人名利與權位的提升之道,A,高品質命題解析：根據課文主旨與細節設計。
L12 九蛙傳奇,理解整合,在《L12 九蛙傳奇》中，作者最想傳達的核心精神是什麼？,對水情指標的深刻體會與生命反思,如何利用小聰明來躲避應盡的責任,對所有傳統文化都保持否定與排斥,追求個人名利與權位的提升之道,A,高品質命題解析：根據課文主旨與細節設計。
L12 九蛙傳奇,事實提取,在《L12 九蛙傳奇》中，作者最想傳達的核心精神是什麼？,對水情指標的深刻體會與生命反思,對所有傳統文化都保持否定與排斥,追求個人名利與權位的提升之道,如何利用小聰明來躲避應盡的責任,A,高品質命題解析：根據課文主旨與細節設計。
L12 九蛙傳奇,理解整合,在《L12 九蛙傳奇》中，作者最想傳達的核心精神是什麼？,對所有傳統文化都保持否定與排斥,如何利用小聰明來躲避應盡的責任,追求個人名利與權位的提升之道,對水情指標的深刻體會與生命反思,D,高品質命題解析：根據課文主旨與細節設計。
L12 九蛙傳奇,應用評論,在《L12 九蛙傳奇》中，作者最想傳達的核心精神是什麼？,對水情指標的深刻體會與生命反思,如何利用小聰明來躲避應盡的責任,對所有傳統文化都保持否定與排斥,追求個人名利與權位的提升之道,A,高品質命題解析：根據課文主旨與細節設計。
